### SQL_UPDATE(2021-11-11)

[검색어]
sql update mysql

https://dev.mysql.com/doc/refman/8.0/en/update.html

[실습]
mobigen@DESKTOP-AILPAQ4  C:\Bitnami\wampstack-8.0.12-0\mariadb\bin  .\mysql -uroot -p
Enter password: **\*\***
Welcome to the MariaDB monitor. Commands end with ; or \g.
Your MariaDB connection id is 8
Server version: 10.4.21-MariaDB mariadb.org binary distribution

Copyright (c) 2000, 2018, Oracle, MariaDB Corporation Ab and others.

Type 'help;' or '\h' for help. Type '\c' to clear the current input statement.

MariaDB [(none)]> USE opentutorials;
Database changed
MariaDB [opentutorials]> SELECT \* FROM topic
-> ;
+----+------------+-------------------+---------------------+--------+-----------+
| id | title | description | created | author | profile |
+----+------------+-------------------+---------------------+--------+-----------+
| 1 | MySQL | MySQL is ... | 2021-11-10 08:36:00 | gst | developer |
| 2 | ORACLE | ORACLE is ... | 2021-11-10 08:41:08 | gst | developer |
| 3 | SQL Server | SQL Server is ... | 2021-11-10 08:42:45 | gst | developer |
| 4 | PostgreSQL | PostgreSQL is ... | 2021-11-10 08:43:33 | gst | developer |
| 5 | PostgreSQL | is ... | 2021-11-10 08:44:45 | gst | developer |
| 6 | MongoDB | MongoDB is ... | 2021-11-10 08:45:58 | gst | developer |
+----+------------+-------------------+---------------------+--------+-----------+
6 rows in set (0.019 sec)

MariaDB [opentutorials]> SELECT id,title,created,author FROM topic;  
+----+------------+---------------------+--------+
| id | title | created | author |
+----+------------+---------------------+--------+
| 1 | MySQL | 2021-11-10 08:36:00 | gst |
| 2 | ORACLE | 2021-11-10 08:41:08 | gst |
| 3 | SQL Server | 2021-11-10 08:42:45 | gst |
| 4 | PostgreSQL | 2021-11-10 08:43:33 | gst |
| 5 | PostgreSQL | 2021-11-10 08:44:45 | gst |
| 6 | MongoDB | 2021-11-10 08:45:58 | gst |
+----+------------+---------------------+--------+
6 rows in set (0.001 sec)

MariaDB [opentutorials]> SELECT "gst";  
+-----+
| gst |
+-----+
| gst |
+-----+
1 row in set (0.000 sec)

MariaDB [opentutorials]> SELECT "gst", 1+1;
+-----+-----+
| gst | 1+1 |
+-----+-----+
| gst | 2 |
+-----+-----+
1 row in set (0.000 sec)

MariaDB [opentutorials]> SELECT id,title,created,author FROM topic WHERE author='gst'
-> ;
+----+------------+---------------------+--------+
| id | title | created | author |
+----+------------+---------------------+--------+
| 1 | MySQL | 2021-11-10 08:36:00 | gst |
| 2 | ORACLE | 2021-11-10 08:41:08 | gst |
| 3 | SQL Server | 2021-11-10 08:42:45 | gst |
| 4 | PostgreSQL | 2021-11-10 08:43:33 | gst |
| 5 | PostgreSQL | 2021-11-10 08:44:45 | gst |
| 6 | MongoDB | 2021-11-10 08:45:58 | gst |
+----+------------+---------------------+--------+
6 rows in set (0.001 sec)

MariaDB [opentutorials]> SELECT id,title,created,author FROM topic WHERE author='gst';
+----+------------+---------------------+--------+
| id | title | created | author |
+----+------------+---------------------+--------+
| 1 | MySQL | 2021-11-10 08:36:00 | gst |
| 2 | ORACLE | 2021-11-10 08:41:08 | gst |
| 3 | SQL Server | 2021-11-10 08:42:45 | gst |
mobigen@DESKTOP-AILPAQ4  C:\Bitnami\wampstack-8.0.12-0\mariadb\bin  .\mysql -uroot -p
Enter password: **\*\***
Welcome to the MariaDB monitor. Commands end with ; or \g.
Your MariaDB connection id is 9
Server version: 10.4.21-MariaDB mariadb.org binary distribution

Copyright (c) 2000, 2018, Oracle, MariaDB Corporation Ab and others.

Type 'help;' or '\h' for help. Type '\c' to clear the current input statement.

MariaDB [(none)]> USE opentutorials;
Database changed
MariaDB [opentutorials]> DESC topic;
+-------------+--------------+------+-----+---------+----------------+
| Field | Type | Null | Key | Default | Extra |
+-------------+--------------+------+-----+---------+----------------+
| id | int(11) | NO | PRI | NULL | auto_increment |
| title | varchar(100) | NO | | NULL | |
| description | text | YES | | NULL | |
| created | datetime | NO | | NULL | |
| author | varchar(30) | YES | | NULL | |
| profile | varchar(100) | YES | | NULL | |
+-------------+--------------+------+-----+---------+----------------+
6 rows in set (0.015 sec)

MariaDB [opentutorials]> SELECT \* FROM topic;
+----+------------+-------------------+---------------------+--------+-----------+
| id | title | description | created | author | profile |
+----+------------+-------------------+---------------------+--------+-----------+
| 1 | MySQL | MySQL is ... | 2021-11-10 08:36:00 | gst | developer |
| 2 | ORACLE | ORACLE is ... | 2021-11-10 08:41:08 | gst | developer |
| 3 | SQL Server | SQL Server is ... | 2021-11-10 08:42:45 | gst | developer |
| 4 | PostgreSQL | PostgreSQL is ... | 2021-11-10 08:43:33 | gst | developer |
| 5 | PostgreSQL | is ... | 2021-11-10 08:44:45 | gst | developer |
| 6 | MongoDB | MongoDB is ... | 2021-11-10 08:45:58 | gst | developer |
+----+------------+-------------------+---------------------+--------+-----------+
6 rows in set (0.001 sec)

MariaDB [opentutorials]> UPDATE topic SET description='oracle is ...', title='Oracle' WHERE id=2;
Query OK, 1 row affected (0.009 sec)
Rows matched: 1 Changed: 1 Warnings: 0

MariaDB [opentutorials]> SELECT \* FROM topic;
+----+------------+-------------------+---------------------+--------+-----------+
| id | title | description | created | author | profile |
+----+------------+-------------------+---------------------+--------+-----------+
| 1 | MySQL | MySQL is ... | 2021-11-10 08:36:00 | gst | developer |
| 2 | Oracle | oracle is ... | 2021-11-10 08:41:08 | gst | developer |
| 3 | SQL Server | SQL Server is ... | 2021-11-10 08:42:45 | gst | developer |
| 4 | PostgreSQL | PostgreSQL is ... | 2021-11-10 08:43:33 | gst | developer |
| 5 | PostgreSQL | is ... | 2021-11-10 08:44:45 | gst | developer |
| 6 | MongoDB | MongoDB is ... | 2021-11-10 08:45:58 | gst | developer |
+----+------------+-------------------+---------------------+--------+-----------+
6 rows in set (0.001 sec)
