### SQL의 INSERT 구문(2021-11-10)

`[검색어]`
mysql create row
https://www.w3schools.com/sql/sql_insert.asp

`[검색어]`
how to read row in mysql

[실습]
mobigen@DESKTOP-AILPAQ4  C:\Bitnami\wampstack-8.0.12-0\mariadb\bin  .\mysql -uroot -p
Enter password: **\*\***
Welcome to the MariaDB monitor. Commands end with ; or \g.
Your MariaDB connection id is 12
Server version: 10.4.21-MariaDB mariadb.org binary distribution

Copyright (c) 2000, 2018, Oracle, MariaDB Corporation Ab and others.

Type 'help;' or '\h' for help. Type '\c' to clear the current input statement.

MariaDB [(none)]> USE opentorials;
ERROR 1049 (42000): Unknown database 'opentorials'
MariaDB [(none)]> USE opentorials;
ERROR 1049 (42000): Unknown database 'opentorials'
MariaDB [(none)]> USE opentutorials;
Database changed
MariaDB [opentutorials]> show DATABASES;
+--------------------+
| Database |
+--------------------+
| information_schema |
| mysql |
| opentutorials |
| performance_schema |
| test |
+--------------------+
5 rows in set (0.011 sec)

MariaDB [opentutorials]> SHOW TABLE;
ERROR 1064 (42000): You have an error in your SQL syntax; check the manual that corresponds to your MariaDB server version for the right syntax to use near '' at line 1
MariaDB [opentutorials]> SHOW TABLES;
+-------------------------+
| Tables_in_opentutorials |
+-------------------------+
| topic |
+-------------------------+
1 row in set (0.002 sec)

MariaDB [opentutorials]> DESC topic;
+-------------+--------------+------+-----+---------+----------------+
| Field | Type | Null | Key | Default | Extra |
+-------------+--------------+------+-----+---------+----------------+
| id | int(11) | NO | PRI | NULL | auto_increment |
| title | varchar(100) | NO | | NULL | |
| description | text | YES | | NULL | |
| created | datetime | NO | | NULL | |
| author | varchar(30) | YES | | NULL | |
| profile | varchar(100) | YES | | NULL | |
+-------------+--------------+------+-----+---------+----------------+
6 rows in set (0.025 sec)

MariaDB [opentutorials]> INSERT INTO topic (title, description, created, author, profile) VALUES('MySQL', 'MySQL is ...', NOW(), 'gst', 'developer');
Query OK, 1 row affected (0.024 sec)

MariaDB [opentutorials]> SELECT \* FROM topic;
+----+-------+--------------+---------------------+--------+-----------+
| id | title | description | created | author | profile |
+----+-------+--------------+---------------------+--------+-----------+
| 1 | MySQL | MySQL is ... | 2021-11-10 08:36:00 | gst | developer |
+----+-------+--------------+---------------------+--------+-----------+
1 row in set (0.002 sec)

MariaDB [opentutorials]> INSERT INTO topic (title, description, created, author, profile) VALUES('ORACLE', 'ORACLE is ...', NOW(), 'gst', 'developer');
Query OK, 1 row affected (0.004 sec)

MariaDB [opentutorials]> SELECT \* FROM topic;
+----+--------+---------------+---------------------+--------+-----------+
| id | title | description | created | author | profile |
+----+--------+---------------+---------------------+--------+-----------+
| 1 | MySQL | MySQL is ... | 2021-11-10 08:36:00 | gst | developer |
| 2 | ORACLE | ORACLE is ... | 2021-11-10 08:41:08 | gst | developer |
+----+--------+---------------+---------------------+--------+-----------+
2 rows in set (0.001 sec)

MariaDB [opentutorials]> INSERT INTO topic (title, description, created, author, profile) VALUES('SQL Server', 'SQL Server is ...', NOW(), 'gst', 'developer');
Query OK, 1 row affected (0.003 sec)

MariaDB [opentutorials]> SELECT \* FROM topic;
+----+------------+-------------------+---------------------+--------+-----------+
| id | title | description | created | author | profile |
+----+------------+-------------------+---------------------+--------+-----------+
| 1 | MySQL | MySQL is ... | 2021-11-10 08:36:00 | gst | developer |
| 2 | ORACLE | ORACLE is ... | 2021-11-10 08:41:08 | gst | developer |
| 3 | SQL Server | SQL Server is ... | 2021-11-10 08:42:45 | gst | developer |
+----+------------+-------------------+---------------------+--------+-----------+
3 rows in set (0.001 sec)

MariaDB [opentutorials]> INSERT INTO topic (title, description, created, author, profile) VALUES('PostgreSQL', 'PostgreSQL is ...', NOW(), 'gst', 'developer');
Query OK, 1 row affected (0.003 sec)

MariaDB [opentutorials]> SELECT \* FROM topic;
+----+------------+-------------------+---------------------+--------+-----------+
| id | title | description | created | author | profile |
+----+------------+-------------------+---------------------+--------+-----------+
| 1 | MySQL | MySQL is ... | 2021-11-10 08:36:00 | gst | developer |
| 2 | ORACLE | ORACLE is ... | 2021-11-10 08:41:08 | gst | developer |
| 3 | SQL Server | SQL Server is ... | 2021-11-10 08:42:45 | gst | developer |
| 4 | PostgreSQL | PostgreSQL is ... | 2021-11-10 08:43:33 | gst | developer |
+----+------------+-------------------+---------------------+--------+-----------+
4 rows in set (0.001 sec)

MariaDB [opentutorials]> INSERT INTO topic (title, description, created, author, profile) VALUES('PostgreSQL', ' is ...', NOW(), 'gst', 'developer');
Query OK, 1 row affected (0.002 sec)

MariaDB [opentutorials]> SELECT \* FROM topic;
+----+------------+-------------------+---------------------+--------+-----------+
| id | title | description | created | author | profile |
+----+------------+-------------------+---------------------+--------+-----------+
| 1 | MySQL | MySQL is ... | 2021-11-10 08:36:00 | gst | developer |
| 2 | ORACLE | ORACLE is ... | 2021-11-10 08:41:08 | gst | developer |
| 3 | SQL Server | SQL Server is ... | 2021-11-10 08:42:45 | gst | developer |
| 4 | PostgreSQL | PostgreSQL is ... | 2021-11-10 08:43:33 | gst | developer |
| 5 | PostgreSQL | is ... | 2021-11-10 08:44:45 | gst | developer |
+----+------------+-------------------+---------------------+--------+-----------+
5 rows in set (0.001 sec)

MariaDB [opentutorials]> INSERT INTO topic (title, description, created, author, profile) VALUES('MongoDB', 'MongoDB is ...', NOW(), 'gst', 'developer');
Query OK, 1 row affected (0.003 sec)

MariaDB [opentutorials]> SELECT \* FROM topic;
+----+------------+-------------------+---------------------+--------+-----------+
| id | title | description | created | author | profile |
+----+------------+-------------------+---------------------+--------+-----------+
| 1 | MySQL | MySQL is ... | 2021-11-10 08:36:00 | gst | developer |
| 2 | ORACLE | ORACLE is ... | 2021-11-10 08:41:08 | gst | developer |
| 3 | SQL Server | SQL Server is ... | 2021-11-10 08:42:45 | gst | developer |
| 4 | PostgreSQL | PostgreSQL is ... | 2021-11-10 08:43:33 | gst | developer |
| 5 | PostgreSQL | is ... | 2021-11-10 08:44:45 | gst | developer |
| 6 | MongoDB | MongoDB is ... | 2021-11-10 08:45:58 | gst | developer |
+----+------------+-------------------+---------------------+--------+-----------+
6 rows in set (0.001 sec)
