### SQL의 SELECT 구문(2021-11-11)

#### CRUD 중에서 Read 수업

[검색어]
mysql select syntax

https://dev.mysql.com/doc/refman/8.0/en/select.html

mobigen@DESKTOP-AILPAQ4  C:\Bitnami\wampstack-8.0.12-0\mariadb\bin  .\mysql -uroot -p
Enter password: **\*\***
Welcome to the MariaDB monitor. Commands end with ; or \g.
Your MariaDB connection id is 8
Server version: 10.4.21-MariaDB mariadb.org binary distribution

Copyright (c) 2000, 2018, Oracle, MariaDB Corporation Ab and others.

Type 'help;' or '\h' for help. Type '\c' to clear the current input statement.

MariaDB [(none)]> USE opentutorials;
Database changed
MariaDB [opentutorials]> SELECT \* FROM topic;
+----+------------+-------------------+---------------------+--------+-----------+
| id | title | description | created | author | profile |
+----+------------+-------------------+---------------------+--------+-----------+
| 1 | MySQL | MySQL is ... | 2021-11-10 08:36:00 | gst | developer |
| 2 | ORACLE | ORACLE is ... | 2021-11-10 08:41:08 | gst | developer |
| 3 | SQL Server | SQL Server is ... | 2021-11-10 08:42:45 | gst | developer |
| 4 | PostgreSQL | PostgreSQL is ... | 2021-11-10 08:43:33 | gst | developer |
| 5 | PostgreSQL | is ... | 2021-11-10 08:44:45 | gst | developer |
| 6 | MongoDB | MongoDB is ... | 2021-11-10 08:45:58 | gst | developer |
+----+------------+-------------------+---------------------+--------+-----------+
6 rows in set (0.019 sec)

MariaDB [opentutorials]> SELECT id,title,created,author FROM topic;
+----+------------+---------------------+--------+
| id | title | created | author |
+----+------------+---------------------+--------+
| 1 | MySQL | 2021-11-10 08:36:00 | gst |
| 2 | ORACLE | 2021-11-10 08:41:08 | gst |
| 3 | SQL Server | 2021-11-10 08:42:45 | gst |
| 4 | PostgreSQL | 2021-11-10 08:43:33 | gst |
| 5 | PostgreSQL | 2021-11-10 08:44:45 | gst |
| 6 | MongoDB | 2021-11-10 08:45:58 | gst |
+----+------------+---------------------+--------+
6 rows in set (0.001 sec)

MariaDB [opentutorials]> SELECT "gst";
+-----+
| gst |
+-----+
| gst |
+-----+
1 row in set (0.000 sec)

MariaDB [opentutorials]> SELECT "gst", 1+1;
+-----+-----+
| gst | 1+1 |
+-----+-----+
| gst | 2 |
+-----+-----+
1 row in set (0.000 sec)

MariaDB [opentutorials]> SELECT id,title,created,author FROM topic WHERE author='gst';
+----+------------+---------------------+--------+
| id | title | created | author |
+----+------------+---------------------+--------+
| 1 | MySQL | 2021-11-10 08:36:00 | gst |
| 2 | ORACLE | 2021-11-10 08:41:08 | gst |
| 3 | SQL Server | 2021-11-10 08:42:45 | gst |
| 4 | PostgreSQL | 2021-11-10 08:43:33 | gst |
| 5 | PostgreSQL | 2021-11-10 08:44:45 | gst |
| 6 | MongoDB | 2021-11-10 08:45:58 | gst |
+----+------------+---------------------+--------+
6 rows in set (0.001 sec)

MariaDB [opentutorials]> SELECT id,title,created,author FROM topic WHERE author='gst';
+----+------------+---------------------+--------+
| id | title | created | author |
+----+------------+---------------------+--------+
| 1 | MySQL | 2021-11-10 08:36:00 | gst |
| 2 | ORACLE | 2021-11-10 08:41:08 | gst |
| 3 | SQL Server | 2021-11-10 08:42:45 | gst |
| 4 | PostgreSQL | 2021-11-10 08:43:33 | gst |
| 5 | PostgreSQL | 2021-11-10 08:44:45 | gst |
| 6 | MongoDB | 2021-11-10 08:45:58 | gst |
+----+------------+---------------------+--------+
6 rows in set (0.001 sec)

MariaDB [opentutorials]> SELECT id,title,created,author FROM topic WHERE author='gst' ORDER BY id DESC;
+----+------------+---------------------+--------+
| id | title | created | author |
+----+------------+---------------------+--------+
| 6 | MongoDB | 2021-11-10 08:45:58 | gst |
| 5 | PostgreSQL | 2021-11-10 08:44:45 | gst |
| 4 | PostgreSQL | 2021-11-10 08:43:33 | gst |
| 3 | SQL Server | 2021-11-10 08:42:45 | gst |
| 2 | ORACLE | 2021-11-10 08:41:08 | gst |
| 1 | MySQL | 2021-11-10 08:36:00 | gst |
+----+------------+---------------------+--------+
6 rows in set (0.000 sec)

MariaDB [opentutorials]> SELECT id,title,created,author FROM topic WHERE author='gst' ORDER BY id DESC LIMIT 2;
+----+------------+---------------------+--------+
| id | title | created | author |
+----+------------+---------------------+--------+
| 6 | MongoDB | 2021-11-10 08:45:58 | gst |
| 5 | PostgreSQL | 2021-11-10 08:44:45 | gst |
+----+------------+---------------------+--------+
2 rows in set (0.000 sec)
